Workbook

Sheet Location 1
A1: LOCATION 1 MCI Reassessment uptake
A2: Month | B2: No. of people to be re-assessed | C2: ACCEPTED reassessment | D2: Completion % | E2: No Contact established | F2: Already assessed (i.e. by another service) by the time of contact | G2: Declined reassessment | H2: Unsuitable for reassessment (click "+" for reasons) | I2: UNSUITABLE reasons | J2: Postponed reassessment (click "+" for reasons) | K2: POSTPONED reasons | L2: Data integrity check (must be =0)
A3: 44896 | B3: 2 | C3: 1 | D3: =IF(B3=0, NA(), C3/B3) -> 0.5 | J3: 1 | K3: 1x Operation | L3: =B3-(C3+SUM(E3:J3)) -> 0
A4: 44927 | B4: 0 | C4: 0 | D4: =IF(B4=0, NA(), C4/B4) -> #N/A | L4: =B4-(C4+SUM(E4:J4)) -> 0
A5: 44958 | B5: 1 | C5: 0 | D5: =IF(B5=0, NA(), C5/B5) -> 0 | H5: 1 | I5: 1x Deceased | L5: =B5-(C5+SUM(E5:J5)) -> 0
A6: 44986 | B6: 2 | C6: 0 | D6: =IF(B6=0, NA(), C6/B6) -> 0 | E6: 1 | G6: 1 | L6: =B6-(C6+SUM(E6:J6)) -> 0
A7: 45017 | B7: 3 | C7: 1 | D7: =IF(B7=0, NA(), C7/B7) -> 0.33333333 | G7: 1 | H7: 1 | L7: =B7-(C7+SUM(E7:J7)) -> 0
A8: 45047 | B8: 1 | C8: 1 | D8: =IF(B8=0, NA(), C8/B8) -> 1 | L8: =B8-(C8+SUM(E8:J8)) -> 0
A9: 45078 | B9: 7 | C9: 2 | D9: =IF(B9=0, NA(), C9/B9) -> 0.28571429 | H9: 1 | I9: 1x Deceased | L9: =B9-(C9+SUM(E9:J9)) -> 4
A10: 45108 | B10: 1 | C10: 0 | D10: =IF(B10=0, NA(), C10/B10) -> 0 | F10: 1 | L10: =B10-(C10+SUM(E10:J10)) -> 0
A11: 45139 | B11: 4 | C11: 0 | D11: =IF(B11=0, NA(), C11/B11) -> 0 | F11: 1 | L11: =B11-(C11+SUM(E11:J11)) -> 3
A12: 45170 | B12: 1 | C12: 1 | D12: =IF(B12=0, NA(), C12/B12) -> 1 | H12: 0 | L12: =B12-(C12+SUM(E12:J12)) -> 0
A13: 45200 | B13: 2 | C13: 0 | D13: =IF(B13=0, NA(), C13/B13) -> 0 | E13: 0 | G13: 2 | H13: 0 | J13: 0 | L13: =B13-(C13+SUM(E13:J13)) -> 0
A14: 45231 | B14: 1 | C14: 1 | D14: =IF(B14=0, NA(), C14/B14) -> 1 | L14: =B14-(C14+SUM(E14:J14)) -> 0
A15: 45261 | B15: 1 | C15: 0 | D15: =IF(B15=0, NA(), C15/B15) -> 0 | H15: 0 | L15: =B15-(C15+SUM(E15:J15)) -> 1
A16: 45292 | B16: 3 | C16: 0 | D16: =IF(B16=0, NA(), C16/B16) -> 0 | E16: 0 | F16: 0 | G16: 1 | H16: 1 | I16: 1x Alzheimer's | J16: 1 | K16: 1x Delayed recall due to mood | L16: =B16-(C16+SUM(E16:J16)) -> 0
A17: 45323 | B17: 2 | C17: 1 | D17: =IF(B17=0, NA(), C17/B17) -> 0.5 | E17: 0 | F17: 0 | G17: 0 | H17: 1 | I17: 1x Deceased | J17: 0 | L17: =B17-(C17+SUM(E17:J17)) -> 0
A18: 45352 | B18: 7 | C18: 5 | D18: =IF(B18=0, NA(), C18/B18) -> 0.71428571 | F18: 1 | G18: 1 | L18: =B18-(C18+SUM(E18:J18)) -> 0
A19: 45383 | B19: 3 | C19: 2 | D19: =IF(B19=0, NA(), C19/B19) -> 0.66666667 | F19: 1 | L19: =B19-(C19+SUM(E19:J19)) -> 0
A20: 45413 | B20: 0 | C20: 0 | D20: =IF(B20=0, NA(), C20/B20) -> #N/A | L20: =B20-(C20+SUM(E20:J20)) -> 0
A21: 45444 | B21: 7 | C21: 2 | D21: =IF(B21=0, NA(), C21/B21) -> 0.28571429 | F21: 1 | G21: 2 | H21: 2 | L21: =B21-(C21+SUM(E21:J21)) -> 0
A22: 45474 | B22: 1 | C22: 0 | D22: =IF(B22=0, NA(), C22/B22) -> 0 | H22: 1 | I22: 1x Did not consent to know the outcome of assessment. | L22: =B22-(C22+SUM(E22:J22)) -> 0
A23: 45505 | B23: 5 | C23: 3 | D23: =IF(B23=0, NA(), C23/B23) -> 0.6 | G23: 1 | H23: 1 | I23: 1x Deceased | L23: =B23-(C23+SUM(E23:J23)) -> 0
A24: 45536 | B24: 3 | C24: 1 | D24: =IF(B24=0, NA(), C24/B24) -> 0.33333333 | G24: 2 | L24: =B24-(C24+SUM(E24:J24)) -> 0
A25: 45566 | B25: 6 | C25: 3 | D25: =IF(B25=0, NA(), C25/B25) -> 0.5 | H25: 3 | I25: 1x Deceased; 1x Dementia; 1x Did not consent to knowing diagnosis | L25: =B25-(C25+SUM(E25:J25)) -> 0
A26: 45597 | B26: 6 | C26: 5 | D26: =IF(B26=0, NA(), C26/B26) -> 0.83333333 | H26: 1 | I26: 1x Moved out of area | L26: =B26-(C26+SUM(E26:J26)) -> 0
A27: 45627 | B27: 2 | C27: 1 | D27: =IF(B27=0, NA(), C27/B27) -> 0.5 | E27: 1 | L27: =B27-(C27+SUM(E27:J27)) -> 0
A28: 45658 | B28: 7 | C28: 4 | D28: =IF(B28=0, NA(), C28/B28) -> 0.57142857 | F28: 1 | G28: 1 | H28: 1 | L28: =B28-(C28+SUM(E28:J28)) -> 0
A29: 45689 | B29: 2 | C29: 1 | D29: =IF(B29=0, NA(), C29/B29) -> 0.5 | G29: 1 | L29: =B29-(C29+SUM(E29:J29)) -> 0
A30: 45717 | B30: 9 | C30: 3 | D30: =IF(B30=0, NA(), C30/B30) -> 0.33333333 | E30: 1 | F30: 2 | G30: 2 | H30: 1 | I30: 1x Deceased; 1x Dementia | L30: =B30-(C30+SUM(E30:J30)) -> 0
A31: 45748 | B31: 7 | C31: 4 | D31: =IF(B31=0, NA(), C31/B31) -> 0.57142857 | F31: 1 | G31: 2 | L31: =B31-(C31+SUM(E31:J31)) -> 0
A32: TOTAL | B32: =SUM(B3:B31) -> 96 | C32: =SUM(C3:C31) -> 42 | E32: =SUM(E3:E31) -> 3 | F32: =SUM(F3:F31) -> 9 | G32: =SUM(G3:G31) -> 17 | H32: =SUM(H3:H31) -> 15 | J32: =SUM(J3:J31) -> 2

Sheet Location 2
A1: LOCATION 2 MCI Reassessment uptake
A2: Month | B2: No. of people to be re-assessed | C2: ACCEPTED reassessment | D2: Completion % | E2: No Contact established | F2: Already assessed (i.e. by another service) by the time of contact | G2: Declined reassessment | H2: Unsuitable for reassessment (click "+" for reasons) | I2: UNSUITABLE reasons | J2: Postponed reassessment (click "+" for reasons) | K2: POSTPONED reasons | L2: Data integrity check (must be =0)
A3: 44896 | B3: 0 | C3: 0 | D3: =IF(B3=0, NA(), C3/B3) -> #N/A | E3: 0 | F3: 0 | G3: 0 | H3: 0 | J3: 0 | L3: =B3-(C3+SUM(E3:J3)) -> 0
A4: 44927 | B4: 2 | C4: 0 | D4: =IF(B4=0, NA(), C4/B4) -> 0 | E4: 0 | F4: 0 | G4: 2 | H4: 0 | J4: 0 | L4: =B4-(C4+SUM(E4:J4)) -> 0
A5: 44958 | B5: 1 | C5: 0 | D5: =IF(B5=0, NA(), C5/B5) -> 0 | E5: 0 | F5: 0 | G5: 0 | H5: 1 | I5: 1x Moved out of area | J5: 0 | L5: =B5-(C5+SUM(E5:J5)) -> 0
A6: 44986 | B6: 1 | C6: 1 | D6: =IF(B6=0, NA(), C6/B6) -> 1 | E6: 0 | F6: 0 | G6: 0 | H6: 0 | J6: 0 | L6: =B6-(C6+SUM(E6:J6)) -> 0
A7: 45017 | B7: 4 | C7: 2 | D7: =IF(B7=0, NA(), C7/B7) -> 0.5 | E7: 0 | F7: 0 | G7: 1 | H7: 0 | J7: 1 | K7: 1x Inpatient | L7: =B7-(C7+SUM(E7:J7)) -> 0
A8: 45047 | B8: 2 | C8: 1 | D8: =IF(B8=0, NA(), C8/B8) -> 0.5 | E8: 0 | F8: 0 | G8: 1 | H8: 0 | J8: 0 | L8: =B8-(C8+SUM(E8:J8)) -> 0
A9: 45078 | B9: 5 | C9: 2 | D9: =IF(B9=0, NA(), C9/B9) -> 0.4 | E9: 0 | F9: 0 | G9: 0 | H9: 1 | I9: 1x Deceased | J9: 2 | K9: 1x Postponed to allow for optimisation following physical health issues and bereavement. | L9: =B9-(C9+SUM(E9:J9)) -> 0
A10: 45108 | B10: 2 | C10: 2 | D10: =IF(B10=0, NA(), C10/B10) -> 1 | E10: 0 | F10: 0 | G10: 0 | H10: 0 | J10: 0 | L10: =B10-(C10+SUM(E10:J10)) -> 0
A11: 45139 | B11: 3 | C11: 1 | D11: =IF(B11=0, NA(), C11/B11) -> 0.33333333 | E11: 0 | F11: 1 | G11: 0 | H11: 1 | I11: 1x Deceased | J11: 0 | L11: =B11-(C11+SUM(E11:J11)) -> 0
A12: 45170 | B12: 4 | C12: 2 | D12: =IF(B12=0, NA(), C12/B12) -> 0.5 | E12: 0 | F12: 0 | G12: 2 | H12: 0 | J12: 0 | L12: =B12-(C12+SUM(E12:J12)) -> 0
A13: 45200 | B13: 1 | C13: 1 | D13: =IF(B13=0, NA(), C13/B13) -> 1 | E13: 0 | F13: 0 | G13: 0 | H13: 0 | J13: 0 | L13: =B13-(C13+SUM(E13:J13)) -> 0
A14: 45231 | B14: 0 | C14: 0 | D14: =IF(B14=0, NA(), C14/B14) -> #N/A | E14: 0 | F14: 0 | G14: 0 | H14: 0 | J14: 0 | L14: =B14-(C14+SUM(E14:J14)) -> 0
A15: 45261 | B15: 3 | C15: 1 | D15: =IF(B15=0, NA(), C15/B15) -> 0.33333333 | E15: 0 | F15: 0 | G15: 0 | H15: 2 | I15: 1x Physical health difficulties and change of accommodation | J15: 0 | L15: =B15-(C15+SUM(E15:J15)) -> 0
A16: 45292 | B16: 3 | C16: 1 | D16: =IF(B16=0, NA(), C16/B16) -> 0.33333333 | E16: 0 | F16: 0 | G16: 1 | H16: 1 | I16: 1x Physical health difficulties | J16: 0 | L16: =B16-(C16+SUM(E16:J16)) -> 0
A17: 45323 | B17: 5 | C17: 4 | D17: =IF(B17=0, NA(), C17/B17) -> 0.8 | E17: 0 | F17: 0 | G17: 1 | H17: 0 | J17: 0 | L17: =B17-(C17+SUM(E17:J17)) -> 0
A18: 45352 | B18: 0 | C18: 0 | D18: =IF(B18=0, NA(), C18/B18) -> #N/A | E18: 0 | F18: 0 | G18: 0 | H18: 0 | J18: 0 | L18: =B18-(C18+SUM(E18:J18)) -> 0
A19: 45383 | B19: 5 | C19: 2 | D19: =IF(B19=0, NA(), C19/B19) -> 0.4 | E19: 0 | F19: 0 | G19: 3 | H19: 0 | J19: 0 | L19: =B19-(C19+SUM(E19:J19)) -> 0
A20: 45413 | B20: 8 | C20: 4 | D20: =IF(B20=0, NA(), C20/B20) -> 0.5 | E20: 1 | F20: 0 | G20: 3 | H20: 0 | J20: 0 | L20: =B20-(C20+SUM(E20:J20)) -> 0
A21: 45444 | B21: 4 | C21: 3 | D21: =IF(B21=0, NA(), C21/B21) -> 0.75 | E21: 0 | F21: 0 | G21: 0 | H21: 1 | I21: 1x Deceased | J21: 0 | L21: =B21-(C21+SUM(E21:J21)) -> 0
A22: 45474 | B22: 5 | C22: 3 | D22: =IF(B22=0, NA(), C22/B22) -> 0.6 | E22: 1 | F22: 0 | G22: 1 | H22: 0 | J22: 0 | L22: =B22-(C22+SUM(E22:J22)) -> 0
A23: 45505 | B23: 6 | C23: 3 | D23: =IF(B23=0, NA(), C23/B23) -> 0.5 | E23: 0 | F23: 0 | G23: 2 | H23: 1 | I23: 1x Deceased | J23: 0 | L23: =B23-(C23+SUM(E23:J23)) -> 0
A24: 45536 | B24: 4 | C24: 1 | D24: =IF(B24=0, NA(), C24/B24) -> 0.25 | E24: 0 | F24: 0 | G24: 0 | H24: 3 | J24: 0 | L24: =B24-(C24+SUM(E24:J24)) -> 0
A25: 45566 | B25: 0 | C25: 0 | D25: =IF(B25=0, NA(), C25/B25) -> #N/A | E25: 0 | F25: 0 | G25: 0 | H25: 0 | J25: 0 | L25: =B25-(C25+SUM(E25:J25)) -> 0
A26: 45597 | B26: 5 | C26: 2 | D26: =IF(B26=0, NA(), C26/B26) -> 0.4 | E26: 0 | F26: 0 | G26: 1 | H26: 2 | J26: 0 | L26: =B26-(C26+SUM(E26:J26)) -> 0
A27: 45627 | B27: 5 | C27: 3 | D27: =IF(B27=0, NA(), C27/B27) -> 0.6 | E27: 2 | F27: 0 | G27: 0 | H27: 0 | J27: 0 | L27: =B27-(C27+SUM(E27:J27)) -> 0
A28: 45658 | B28: 6 | C28: 3 | D28: =IF(B28=0, NA(), C28/B28) -> 0.5 | E28: 0 | F28: 0 | G28: 2 | H28: 0 | I28: 1x Deceased | J28: 0 | L28: =B28-(C28+SUM(E28:J28)) -> 1
A29: 45689 | B29: 5 | C29: 1 | D29: =IF(B29=0, NA(), C29/B29) -> 0.2 | E29: 2 | G29: 0 | H29: 1 | I29: 1x Deceased | J29: 1 | K29: 1x Currently in hospital following heart attack. To be reassessed on recovery | L29: =B29-(C29+SUM(E29:J29)) -> 0
A30: 45717 | B30: 3 | C30: 1 | D30: =IF(B30=0, NA(), C30/B30) -> 0.33333333 | E30: 0 | F30: 1 | G30: 0 | H30: 0 | I30: 1x Deceased | J30: 0 | L30: =B30-(C30+SUM(E30:J30)) -> 1
A31: 45748 | B31: 5 | C31: 0 | D31: =IF(B31=0, NA(), C31/B31) -> 0 | E31: 0 | F31: 0 | G31: 4 | H31: 0 | J31: 1 | K31: 1x Postponed due to MCI Group engagement | L31: =B31-(C31+SUM(E31:J31)) -> 0
A32: TOTAL | B32: =SUM(B3:B31) -> 97 | C32: =SUM(C3:C31) -> 44 | E32: =SUM(E3:E31) -> 6 | F32: =SUM(F3:F31) -> 2 | G32: =SUM(G3:G31) -> 24 | H32: =SUM(H3:H31) -> 14 | J32: =SUM(J3:J31) -> 5

Sheet Location 3
A1: LOCATION 3 MCI Reassessment uptake
A2: Month | B2: No. of people to be re-assessed | C2: ACCEPTED reassessment | D2: Completion % | E2: No Contact established | F2: Already assessed (i.e. by another service) by the time of contact | G2: Declined reassessment | H2: Unsuitable for reassessment (click "+" for reasons) | I2: UNSUITABLE reasons | J2: Postponed reassessment (click "+" for reasons) | K2: POSTPONED reasons | L2: Data integrity check (must be =0)
A3: 44896 | D3: =IF(B3=0, NA(), C3/B3) -> #N/A | L3: =B3-(C3+SUM(E3:J3)) -> 0
A4: 44927 | B4: 5 | C4: 2 | D4: =IF(B4=0, NA(), C4/B4) -> 0.4 | E4: 1 | F4: 1 | H4: 1 | I4: 1x Already diagnosed | J4: 0 | L4: =B4-(C4+SUM(E4:J4)) -> 0
A5: 44958 | B5: 8 | C5: 7 | D5: =IF(B5=0, NA(), C5/B5) -> 0.875 | E5: 0 | F5: 0 | G5: 0 | H5: 0 | J5: 1 | K5: 1x Patient gone to the USA for 3 months | L5: =B5-(C5+SUM(E5:J5)) -> 0
A6: 44986 | B6: 4 | C6: 3 | D6: =IF(B6=0, NA(), C6/B6) -> 0.75 | E6: 0 | F6: 1 | G6: 0 | H6: 0 | J6: 0 | L6: =B6-(C6+SUM(E6:J6)) -> 0
A7: 45017 | B7: 3 | C7: 2 | D7: =IF(B7=0, NA(), C7/B7) -> 0.66666667 | E7: 0 | F7: 1 | G7: 0 | H7: 0 | J7: 0 | L7: =B7-(C7+SUM(E7:J7)) -> 0
A8: 45047 | B8: 3 | C8: 2 | D8: =IF(B8=0, NA(), C8/B8) -> 0.66666667 | E8: 0 | F8: 0 | G8: 1 | H8: 0 | J8: 0 | L8: =B8-(C8+SUM(E8:J8)) -> 0
A9: 45078 | B9: 6 | C9: 3 | D9: =IF(B9=0, NA(), C9/B9) -> 0.5 | E9: 1 | F9: 1 | G9: 0 | H9: 1 | I9: 1x Already diagnosed | J9: 0 | L9: =B9-(C9+SUM(E9:J9)) -> 0
A10: 45108 | B10: 3 | C10: 3 | D10: =IF(B10=0, NA(), C10/B10) -> 1 | E10: 0 | F10: 0 | G10: 0 | H10: 0 | J10: 0 | L10: =B10-(C10+SUM(E10:J10)) -> 0
A11: 45139 | B11: 1 | C11: 0 | D11: =IF(B11=0, NA(), C11/B11) -> 0 | E11: 0 | F11: 0 | G11: 0 | H11: 0 | J11: 1 | K11: 1x Patient undergoing cancer treatment | L11: =B11-(C11+SUM(E11:J11)) -> 0
A12: 45170 | B12: 3 | C12: 1 | D12: =IF(B12=0, NA(), C12/B12) -> 0.33333333 | E12: 0 | F12: 0 | G12: 1 | H12: 1 | I12: 1x Deceased | J12: 0 | L12: =B12-(C12+SUM(E12:J12)) -> 0
A13: 45200 | B13: 2 | C13: 2 | D13: =IF(B13=0, NA(), C13/B13) -> 1 | E13: 0 | F13: 0 | G13: 0 | H13: 0 | J13: 0 | L13: =B13-(C13+SUM(E13:J13)) -> 0
A14: 45231 | B14: 3 | C14: 1 | D14: =IF(B14=0, NA(), C14/B14) -> 0.33333333 | E14: 0 | F14: 0 | G14: 2 | H14: 0 | J14: 0 | L14: =B14-(C14+SUM(E14:J14)) -> 0
A15: 45261 | B15: 2 | C15: 2 | D15: =IF(B15=0, NA(), C15/B15) -> 1 | E15: 0 | F15: 0 | G15: 0 | H15: 0 | J15: 0 | L15: =B15-(C15+SUM(E15:J15)) -> 0
A16: 45292 | B16: 3 | C16: 3 | D16: =IF(B16=0, NA(), C16/B16) -> 1 | E16: 0 | F16: 0 | G16: 0 | H16: 0 | J16: 0 | L16: =B16-(C16+SUM(E16:J16)) -> 0
A17: 45323 | B17: 4 | C17: 2 | D17: =IF(B17=0, NA(), C17/B17) -> 0.5 | E17: 0 | F17: 0 | G17: 2 | H17: 0 | J17: 0 | L17: =B17-(C17+SUM(E17:J17)) -> 0
A18: 45352 | B18: 13 | C18: 10 | D18: =IF(B18=0, NA(), C18/B18) -> 0.76923077 | E18: 0 | F18: 0 | G18: 3 | H18: 0 | J18: 0 | L18: =B18-(C18+SUM(E18:J18)) -> 0
A19: 45383 | B19: 3 | C19: 0 | D19: =IF(B19=0, NA(), C19/B19) -> 0 | E19: 0 | F19: 0 | G19: 0 | H19: 1 | I19: 1x Deceased | J19: 0 | L19: =B19-(C19+SUM(E19:J19)) -> 2
A20: 45413 | B20: 4 | C20: 4 | D20: =IF(B20=0, NA(), C20/B20) -> 1 | E20: 0 | F20: 0 | G20: 0 | H20: 0 | J20: 0 | L20: =B20-(C20+SUM(E20:J20)) -> 0
A21: 45444 | B21: 5 | C21: 4 | D21: =IF(B21=0, NA(), C21/B21) -> 0.8 | E21: 0 | F21: 0 | G21: 1 | H21: 0 | J21: 0 | L21: =B21-(C21+SUM(E21:J21)) -> 0
A22: 45474 | B22: 7 | C22: 3 | D22: =IF(B22=0, NA(), C22/B22) -> 0.42857143 | E22: 1 | F22: 1 | G22: 1 | H22: 2 | I22: 1x Deceased | J22: 0 | L22: =B22-(C22+SUM(E22:J22)) -> -1
A23: 45505 | B23: 2 | C23: 1 | D23: =IF(B23=0, NA(), C23/B23) -> 0.5 | E23: 1 | F23: 0 | G23: 0 | H23: 0 | J23: 0 | L23: =B23-(C23+SUM(E23:J23)) -> 0
A24: 45536 | B24: 7 | C24: 4 | D24: =IF(B24=0, NA(), C24/B24) -> 0.57142857 | E24: 0 | F24: 0 | G24: 0 | H24: 3 | I24: 1x Deceased; 1x Dementia; 1x Already awaiting MASS | J24: 0 | L24: =B24-(C24+SUM(E24:J24)) -> 0
A25: 45566 | B25: 4 | C25: 2 | D25: =IF(B25=0, NA(), C25/B25) -> 0.5 | E25: 0 | F25: 0 | G25: 2 | H25: 0 | J25: 0 | L25: =B25-(C25+SUM(E25:J25)) -> 0
A26: 45597 | B26: 0 | C26: 0 | D26: =IF(B26=0, NA(), C26/B26) -> #N/A | E26: 0 | F26: 0 | G26: 0 | H26: 0 | J26: 0 | L26: =B26-(C26+SUM(E26:J26)) -> 0
A27: 45627 | B27: 3 | C27: 2 | D27: =IF(B27=0, NA(), C27/B27) -> 0.66666667 | E27: 0 | F27: 0 | G27: 0 | H27: 1 | I27: 1x Dementia | J27: 0 | L27: =B27-(C27+SUM(E27:J27)) -> 0
A28: 45658 | B28: 3 | C28: 2 | D28: =IF(B28=0, NA(), C28/B28) -> 0.66666667 | E28: 0 | F28: 1 | G28: 0 | H28: 0 | J28: 0 | L28: =B28-(C28+SUM(E28:J28)) -> 0
A29: 45689 | B29: 0 | C29: 0 | D29: =IF(B29=0, NA(), C29/B29) -> #N/A | E29: 0 | F29: 0 | G29: 0 | H29: 0 | J29: 0 | L29: =B29-(C29+SUM(E29:J29)) -> 0
A30: 45717 | B30: 1 | C30: 1 | D30: =IF(B30=0, NA(), C30/B30) -> 1 | E30: 0 | F30: 0 | G30: 0 | H30: 0 | J30: 0 | L30: =B30-(C30+SUM(E30:J30)) -> 0
A31: 45748 | B31: 1 | C31: 0 | D31: =IF(B31=0, NA(), C31/B31) -> 0 | E31: 0 | F31: 1 | G31: 0 | H31: 1 | J31: 0 | L31: =B31-(C31+SUM(E31:J31)) -> -1
A32: TOTAL | B32: =SUM(B3:B31) -> 103 | C32: =SUM(C3:C31) -> 66 | E32: =SUM(E3:E31) -> 4 | F32: =SUM(F3:F31) -> 7 | G32: =SUM(G3:G31) -> 13 | H32: =SUM(H3:H31) -> 11 | J32: =SUM(J3:J31) -> 2

Sheet Summary
A1: TOTALS & BREAKDOWNS
A2: Location | B2: No. of people to be re-assessed | C2: ACCEPTED reassessment | D2: No Contact established | E2: Already assessed | F2: Declined reassessment | G2: Unsuitable for reassessment | H2: Postponed reassessment
A3: Location 1 | B3: ='Location 1'!B32 -> 96 | C3: ='Location 1'!C32 -> 42 | D3: ='Location 1'!E32 -> 3 | E3: ='Location 1'!F32 -> 9 | F3: ='Location 1'!G32 -> 17 | G3: ='Location 1'!H32 -> 15 | H3: ='Location 1'!J32 -> 2
A4: Location 2 | B4: ='Location 2'!B32 -> 97 | C4: ='Location 2'!C32 -> 44 | D4: ='Location 2'!E32 -> 6 | E4: ='Location 2'!F32 -> 2 | F4: ='Location 2'!G32 -> 24 | G4: ='Location 2'!H32 -> 14 | H4: ='Location 2'!J32 -> 5
A5: Location 3 | B5: ='Location 3'!B32 -> 103 | C5: ='Location 3'!C32 -> 66 | D5: ='Location 3'!E32 -> 4 | E5: ='Location 3'!F32 -> 7 | F5: ='Location 3'!G32 -> 13 | G5: ='Location 3'!H32 -> 11 | H5: ='Location 3'!J32 -> 2
A51: COMPLETION OVER TIME
A116: WORKLOAD TREND
